accuracy,f1,false_negative,false_positive,method,num_pairs,precision,recall,runtime_seconds,threshold,true_negative,true_positive
0.6288,0.33285406182602445,1448,408,jaccard_exact,5000,0.5315729047072331,0.2422815279958137,3.3703297000029124,0.25,2681,463
0.629,0.3167587476979742,1481,374,minhash,5000,0.5348258706467661,0.2250130821559393,3.3703297000029124,0.25,2715,430
0.641,0.3752175426383571,1372,423,simhash,5000,0.5602910602910602,0.28205128205128205,3.3703297000029124,0.75,2666,539
